Date,basin_potet,basin_swrad,basin_recharge,basin_cfs,basin_ssflow,basin_sroff
1980-10-01, 1.544E-02, 1.288E+02, 0.000E+00, 4.378E+00, 0.000E+00, 0.000E+00
1980-10-02, 1.486E-02, 1.276E+02, 0.000E+00, 4.375E+00, 0.000E+00, 0.000E+00
1980-10-03, 1.472E-02, 1.264E+02, 0.000E+00, 4.369E+00, 0.000E+00, 0.000E+00
1980-10-04, 1.437E-02, 1.252E+02, 0.000E+00, 4.378E+00, 0.000E+00, 0.000E+00
1980-10-05, 1.423E-02, 1.240E+02, 1.323E-05, 4.363E+00, 0.000E+00, 0.000E+00
1980-10-06, 1.368E-02, 1.227E+02, 4.089E-05, 4.378E+00, 3.133E-06, 0.000E+00
1980-10-07, 1.313E-02, 1.215E+02, 9.986E-05, 4.370E+00, 3.784E-05, 0.000E+00
1980-10-08, 1.259E-02, 1.203E+02, 1.623E-04, 4.394E+00, 8.045E-05, 0.000E+00
1980-10-09, 1.166E-02, 1.191E+02, 2.221E-04, 4.391E+00, 1.320E-04, 0.000E+00
1980-10-10, 1.055E-02, 1.179E+02, 2.825E-04, 4.417E+00, 1.933E-04, 0.000E+00
1980-10-11, 1.084E-02, 1.167E+02, 3.393E-04, 4.415E+00, 2.564E-04, 0.000E+00
1980-10-12, 8.393E-03, 1.155E+02, 4.994E-04, 4.512E+00, 8.099E-04, 2.182E-04
1980-10-13, 5.823E-03, 1.143E+02, 6.226E-04, 4.477E+00, 8.172E-04, 0.000E+00
1980-10-14, 4.259E-03, 1.131E+02, 7.433E-04, 4.505E+00, 9.875E-04, 9.775E-07
1980-10-15, 3.103E-03, 1.119E+02, 8.642E-04, 4.495E+00, 1.106E-03, 0.000E+00
1980-10-16, 3.804E-03, 1.108E+02, 1.005E-03, 4.530E+00, 1.299E-03, 8.136E-06
1980-10-17, 4.309E-03, 1.096E+02, 1.191E-03, 4.539E+00, 1.563E-03, 0.000E+00
1980-10-18, 6.249E-03, 1.084E+02, 1.460E-03, 4.561E+00, 1.910E-03, 0.000E+00
1980-10-19, 6.900E-03, 1.073E+02, 1.680E-03, 4.556E+00, 1.956E-03, 0.000E+00
1980-10-20, 7.714E-03, 1.061E+02, 1.865E-03, 4.560E+00, 2.007E-03, 0.000E+00
1980-10-21, 6.928E-03, 1.050E+02, 2.063E-03, 4.564E+00, 2.089E-03, 0.000E+00
1980-10-22, 6.854E-03, 1.038E+02, 2.276E-03, 4.568E+00, 2.175E-03, 0.000E+00
1980-10-23, 7.295E-03, 1.027E+02, 2.499E-03, 4.573E+00, 2.267E-03, 0.000E+00
1980-10-24, 7.046E-03, 1.016E+02, 2.734E-03, 4.579E+00, 2.365E-03, 0.000E+00
1980-10-25, 6.129E-03, 1.005E+02, 3.414E-03, 4.653E+00, 3.181E-03, 4.386E-05
1980-10-26, 3.418E-03, 9.935E+01, 3.897E-03, 4.685E+00, 3.311E-03, 1.247E-04
1980-10-27, 4.686E-03, 9.825E+01, 4.318E-03, 4.652E+00, 3.433E-03, 0.000E+00
1980-10-28, 4.311E-03, 9.717E+01, 4.679E-03, 4.658E+00, 3.514E-03, 0.000E+00
1980-10-29, 5.705E-03, 9.609E+01, 5.039E-03, 4.665E+00, 3.620E-03, 0.000E+00
1980-10-30, 5.643E-03, 9.503E+01, 5.390E-03, 4.675E+00, 3.730E-03, 0.000E+00
1980-10-31, 7.786E-03, 9.398E+01, 5.756E-03, 4.686E+00, 3.852E-03, 0.000E+00
1980-11-01, 7.024E-03, 9.294E+01, 6.133E-03, 4.699E+00, 3.980E-03, 0.000E+00
1980-11-02, 6.023E-03, 9.191E+01, 6.513E-03, 4.714E+00, 4.114E-03, 0.000E+00
1980-11-03, 7.329E-03, 9.090E+01, 6.895E-03, 4.729E+00, 4.250E-03, 0.000E+00
1980-11-04, 7.401E-03, 8.990E+01, 7.272E-03, 4.745E+00, 4.370E-03, 0.000E+00
1980-11-05, 7.171E-03, 8.892E+01, 7.647E-03, 4.762E+00, 4.500E-03, 0.000E+00
1980-11-06, 6.207E-03, 8.794E+01, 8.020E-03, 4.779E+00, 4.635E-03, 0.000E+00
1980-11-07, 5.849E-03, 8.699E+01, 8.863E-03, 4.870E+00, 5.336E-03, 2.436E-04
1980-11-08, 6.507E-03, 8.604E+01, 1.033E-02, 5.039E+00, 6.594E-03, 5.653E-04
1980-11-09, 6.010E-03, 8.512E+01, 1.063E-02, 4.937E+00, 6.069E-03, 0.000E+00
1980-11-10, 4.679E-03, 8.421E+01, 1.096E-02, 4.952E+00, 6.154E-03, 0.000E+00
1980-11-11, 4.630E-03, 8.331E+01, 1.300E-02, 5.294E+00, 8.462E-03, 7.736E-04
1980-11-12, 2.255E-03, 8.244E+01, 1.323E-02, 5.125E+00, 7.497E-03, 0.000E+00
1980-11-13, 1.021E-03, 8.158E+01, 1.349E-02, 5.156E+00, 7.505E-03, 0.000E+00
1980-11-14, 1.676E-03, 8.073E+01, 1.374E-02, 5.176E+00, 7.521E-03, 0.000E+00
1980-11-15, 2.716E-03, 7.991E+01, 1.402E-02, 5.193E+00, 7.556E-03, 0.000E+00
1980-11-16, 7.316E-04, 7.910E+01, 1.430E-02, 5.211E+00, 7.625E-03, 0.000E+00
1980-11-17, 1.627E-03, 7.831E+01, 1.459E-02, 5.229E+00, 7.708E-03, 0.000E+00
1980-11-18, 2.509E-03, 7.754E+01, 1.488E-02, 5.248E+00, 7.816E-03, 0.000E+00
1980-11-19, 2.231E-03, 7.679E+01, 1.515E-02, 5.266E+00, 7.911E-03, 0.000E+00
1980-11-20, 2.336E-03, 7.606E+01, 1.541E-02, 5.283E+00, 8.003E-03, 0.000E+00
1980-11-21, 2.564E-03, 7.535E+01, 1.566E-02, 5.299E+00, 8.095E-03, 0.000E+00
1980-11-22, 3.285E-03, 7.466E+01, 1.616E-02, 5.379E+00, 8.494E-03, 1.020E-04
1980-11-23, 2.887E-03, 7.399E+01, 1.636E-02, 5.369E+00, 8.403E-03, 0.000E+00
1980-11-24, 3.268E-04, 7.334E+01, 1.659E-02, 5.385E+00, 8.466E-03, 0.000E+00
1980-11-25, 7.963E-04, 7.271E+01, 1.684E-02, 5.354E+00, 8.565E-03, 0.000E+00
1980-11-26, 1.860E-03, 7.211E+01, 1.736E-02, 5.387E+00, 8.943E-03, 0.000E+00
1980-11-27, 3.149E-03, 7.152E+01, 1.759E-02, 5.380E+00, 8.862E-03, 0.000E+00
1980-11-28, 4.070E-03, 7.096E+01, 1.782E-02, 5.387E+00, 8.865E-03, 0.000E+00
1980-11-29, 3.921E-03, 7.042E+01, 1.801E-02, 5.394E+00, 8.881E-03, 0.000E+00
1980-11-30, 3.078E-03, 6.990E+01, 2.003E-02, 5.979E+00, 1.143E-02, 5.420E-04
1980-12-01, 1.209E-01, 2.390E+02, 2.093E-02, 5.897E+00, 1.145E-02, 0.000E+00
1980-12-02, 1.258E-01, 2.393E+02, 2.163E-02, 5.897E+00, 1.169E-02, 0.000E+00
1980-12-03, 8.626E-02, 2.352E+02, 2.123E-02, 5.750E+00, 1.073E-02, 0.000E+00
1980-12-04, 1.721E-03, 2.305E+02, 2.128E-02, 5.771E+00, 1.075E-02, 0.000E+00
1980-12-05, 1.713E-03, 2.291E+02, 2.134E-02, 5.765E+00, 1.065E-02, 0.000E+00
1980-12-06, 0.000E+00, 2.262E+02, 2.140E-02, 5.760E+00, 1.057E-02, 0.000E+00
1980-12-07, 0.000E+00, 2.213E+02, 2.147E-02, 5.758E+00, 1.050E-02, 0.000E+00
1980-12-08, 0.000E+00, 2.238E+02, 2.153E-02, 5.759E+00, 1.046E-02, 0.000E+00
1980-12-09, 0.000E+00, 2.270E+02, 2.160E-02, 5.760E+00, 1.043E-02, 0.000E+00
1980-12-10, 0.000E+00, 2.284E+02, 2.167E-02, 5.764E+00, 1.040E-02, 0.000E+00
1980-12-11, 3.219E-03, 2.281E+02, 2.174E-02, 5.768E+00, 1.039E-02, 0.000E+00
1980-12-12, 2.067E-02, 2.292E+02, 2.182E-02, 5.773E+00, 1.038E-02, 0.000E+00
1980-12-13, 4.807E-02, 2.304E+02, 2.207E-02, 5.845E+00, 1.062E-02, 0.000E+00
1980-12-14, 3.886E-02, 2.297E+02, 2.253E-02, 5.961E+00, 1.106E-02, 0.000E+00
1980-12-15, 1.078E-01, 2.310E+02, 2.393E-02, 6.299E+00, 1.277E-02, 0.000E+00
1980-12-16, 1.077E-01, 2.309E+02, 2.578E-02, 6.602E+00, 1.444E-02, 0.000E+00
1980-12-17, 1.217E-01, 2.311E+02, 2.789E-02, 6.934E+00, 1.626E-02, 0.000E+00
1980-12-18, 1.190E-01, 2.260E+02, 2.945E-02, 7.105E+00, 1.713E-02, 0.000E+00
1980-12-19, 1.206E-01, 2.291E+02, 3.095E-02, 7.261E+00, 1.809E-02, 0.000E+00
1980-12-20, 1.112E-01, 2.285E+02, 3.192E-02, 7.277E+00, 1.831E-02, 0.000E+00
1980-12-21, 8.262E-02, 2.249E+02, 3.180E-02, 7.207E+00, 1.744E-02, 1.647E-05
1980-12-22, 1.466E-01, 2.269E+02, 3.489E-02, 7.764E+00, 2.131E-02, 1.564E-05
1980-12-23, 7.942E-02, 2.286E+02, 3.425E-02, 7.267E+00, 1.842E-02, 0.000E+00
1980-12-24, 1.300E-01, 2.296E+02, 3.476E-02, 7.280E+00, 1.881E-02, 0.000E+00
1980-12-25, 1.860E-01, 2.306E+02, 3.610E-02, 7.256E+00, 1.948E-02, 0.000E+00
1980-12-26, 1.784E-01, 2.328E+02, 3.667E-02, 7.038E+00, 1.877E-02, 0.000E+00
1980-12-27, 1.777E-01, 2.318E+02, 3.681E-02, 6.807E+00, 1.787E-02, 0.000E+00
1980-12-28, 1.548E-01, 2.324E+02, 3.607E-02, 6.539E+00, 1.647E-02, 0.000E+00
1980-12-29, 1.321E-01, 2.333E+02, 3.479E-02, 6.323E+00, 1.515E-02, 0.000E+00
1980-12-30, 1.230E-01, 2.338E+02, 3.353E-02, 6.156E+00, 1.413E-02, 0.000E+00
1980-12-31, 1.044E-01, 2.339E+02, 3.211E-02, 6.010E+00, 1.314E-02, 0.000E+00
1981-01-01, 7.211E-03, 2.229E+02, 3.078E-02, 5.903E+00, 1.238E-02, 0.000E+00
1981-01-02, 8.382E-03, 2.246E+02, 3.068E-02, 5.947E+00, 1.255E-02, 0.000E+00
1981-01-03, 1.111E-02, 2.195E+02, 3.118E-02, 5.964E+00, 1.270E-02, 0.000E+00
1981-01-04, 9.117E-03, 2.155E+02, 3.246E-02, 6.356E+00, 1.404E-02, 1.928E-04
1981-01-05, 2.331E-03, 2.139E+02, 3.233E-02, 6.214E+00, 1.336E-02, 0.000E+00
1981-01-06, 2.714E-03, 2.164E+02, 3.226E-02, 6.240E+00, 1.331E-02, 0.000E+00
1981-01-07, 4.677E-03, 2.253E+02, 3.272E-02, 6.346E+00, 1.380E-02, 0.000E+00
1981-01-08, 5.394E-03, 2.242E+02, 3.348E-02, 6.400E+00, 1.421E-02, 0.000E+00
1981-01-09, 5.486E-03, 2.280E+02, 3.437E-02, 6.445E+00, 1.459E-02, 0.000E+00
1981-01-10, 4.362E-03, 2.283E+02, 3.485E-02, 6.442E+00, 1.458E-02, 0.000E+00
1981-01-11, 3.967E-03, 2.274E+02, 3.498E-02, 6.422E+00, 1.443E-02, 0.000E+00
1981-01-12, 5.537E-03, 2.303E+02, 3.540E-02, 6.419E+00, 1.451E-02, 0.000E+00
1981-01-13, 9.220E-03, 2.369E+02, 3.684E-02, 6.431E+00, 1.490E-02, 0.000E+00
1981-01-14, 7.708E-03, 2.387E+02, 3.745E-02, 6.412E+00, 1.470E-02, 0.000E+00
1981-01-15, 1.096E-02, 2.406E+02, 3.855E-02, 6.406E+00, 1.474E-02, 0.000E+00
1981-01-16, 9.532E-03, 2.349E+02, 3.972E-02, 6.470E+00, 1.507E-02, 1.109E-04
1981-01-17, 1.000E-02, 2.369E+02, 4.096E-02, 6.558E+00, 1.540E-02, 1.836E-04
1981-01-18, 1.346E-02, 2.498E+02, 4.170E-02, 6.453E+00, 1.502E-02, 0.000E+00
1981-01-19, 1.082E-02, 2.465E+02, 4.296E-02, 6.479E+00, 1.528E-02, 5.619E-05
1981-01-20, 1.196E-02, 2.534E+02, 4.433E-02, 6.496E+00, 1.546E-02, 9.321E-05
1981-01-21, 1.688E-02, 2.577E+02, 4.544E-02, 6.428E+00, 1.529E-02, 0.000E+00
1981-01-22, 2.053E-02, 2.601E+02, 4.741E-02, 6.429E+00, 1.556E-02, 0.000E+00
1981-01-23, 1.250E-02, 2.560E+02, 5.434E-02, 7.006E+00, 1.895E-02, 7.355E-04
1981-01-24, 1.790E-03, 2.378E+02, 5.302E-02, 6.653E+00, 1.685E-02, 0.000E+00
1981-01-25, 0.000E+00, 2.348E+02, 5.194E-02, 6.625E+00, 1.651E-02, 0.000E+00
1981-01-26, 3.164E-03, 2.549E+02, 5.122E-02, 6.699E+00, 1.655E-02, 0.000E+00
1981-01-27, 8.124E-03, 2.521E+02, 5.032E-02, 6.678E+00, 1.628E-02, 0.000E+00
1981-01-28, 7.785E-03, 2.548E+02, 4.943E-02, 6.659E+00, 1.603E-02, 0.000E+00
1981-01-29, 1.025E-03, 2.353E+02, 4.852E-02, 6.612E+00, 1.569E-02, 0.000E+00
1981-01-30, 0.000E+00, 2.473E+02, 4.766E-02, 6.580E+00, 1.543E-02, 0.000E+00
1981-01-31, 0.000E+00, 2.437E+02, 4.684E-02, 6.550E+00, 1.519E-02, 0.000E+00
1981-02-01, 0.000E+00, 1.595E+02, 4.607E-02, 6.523E+00, 1.496E-02, 0.000E+00
1981-02-02, 0.000E+00, 1.989E+02, 4.533E-02, 6.497E+00, 1.476E-02, 0.000E+00
1981-02-03, 0.000E+00, 2.217E+02, 4.463E-02, 6.473E+00, 1.457E-02, 0.000E+00
1981-02-04, 9.127E-07, 2.288E+02, 4.396E-02, 6.451E+00, 1.439E-02, 0.000E+00
1981-02-05, 2.201E-03, 2.219E+02, 4.332E-02, 6.431E+00, 1.423E-02, 0.000E+00
1981-02-06, 7.131E-03, 2.340E+02, 4.270E-02, 6.412E+00, 1.408E-02, 0.000E+00
1981-02-07, 8.067E-04, 2.366E+02, 4.210E-02, 6.394E+00, 1.394E-02, 0.000E+00
1981-02-08, 4.198E-02, 2.345E+02, 4.154E-02, 6.377E+00, 1.380E-02, 0.000E+00
1981-02-09, 1.201E-01, 2.420E+02, 4.100E-02, 6.365E+00, 1.370E-02, 0.000E+00
1981-02-10, 4.612E-02, 2.580E+02, 4.057E-02, 6.390E+00, 1.372E-02, 0.000E+00
1981-02-11, 1.651E-01, 2.681E+02, 4.125E-02, 6.808E+00, 1.512E-02, 0.000E+00
1981-02-12, 1.404E-01, 2.831E+02, 4.223E-02, 7.080E+00, 1.607E-02, 0.000E+00
1981-02-13, 1.377E-01, 2.670E+02, 5.256E-02, 8.606E+00, 2.304E-02, 0.000E+00
1981-02-14, 2.087E-01, 2.837E+02, 9.659E-02, 1.260E+01, 4.747E-02, 1.487E-04
1981-02-15, 1.899E-01, 2.988E+02, 1.074E-01, 1.151E+01, 4.091E-02, 0.000E+00
1981-02-16, 2.110E-01, 3.125E+02, 1.226E-01, 1.270E+01, 4.728E-02, 6.859E-04
1981-02-17, 2.039E-01, 3.112E+02, 1.410E-01, 1.419E+01, 5.492E-02, 2.092E-03
1981-02-18, 2.350E-01, 3.196E+02, 1.536E-01, 1.476E+01, 5.761E-02, 3.195E-03
1981-02-19, 2.276E-01, 3.095E+02, 1.677E-01, 1.577E+01, 6.227E-02, 5.685E-03
1981-02-20, 5.964E-02, 2.740E+02, 1.595E-01, 1.331E+01, 5.195E-02, 1.801E-03
1981-02-21, 7.615E-02, 2.963E+02, 1.526E-01, 1.266E+01, 4.844E-02, 1.606E-03
1981-02-22, 1.643E-01, 3.318E+02, 1.513E-01, 1.300E+01, 4.902E-02, 2.501E-03
1981-02-23, 1.990E-01, 3.236E+02, 1.564E-01, 1.355E+01, 5.198E-02, 4.296E-03
1981-02-24, 1.077E-01, 2.864E+02, 1.511E-01, 1.271E+01, 4.759E-02, 2.310E-03
1981-02-25, 4.757E-02, 2.403E+02, 1.440E-01, 1.181E+01, 4.395E-02, 1.425E-03
1981-02-26, 0.000E+00, 2.430E+02, 1.374E-01, 1.131E+01, 4.144E-02, 1.072E-03
1981-02-27, 9.503E-04, 2.899E+02, 1.314E-01, 1.087E+01, 3.927E-02, 7.741E-04
1981-02-28, 1.868E-02, 3.103E+02, 1.258E-01, 1.051E+01, 3.739E-02, 5.282E-04
1981-03-01, 2.184E-02, 1.154E+02, 1.206E-01, 1.019E+01, 3.570E-02, 3.042E-04
1981-03-02, 6.486E-02, 1.477E+02, 1.168E-01, 1.024E+01, 3.526E-02, 2.961E-04
1981-03-03, 1.034E-01, 3.099E+02, 1.151E-01, 1.044E+01, 3.506E-02, 6.456E-04
1981-03-04, 4.438E-02, 1.206E+02, 1.116E-01, 1.004E+01, 3.332E-02, 3.723E-04
1981-03-05, 4.898E-02, 1.204E+02, 1.083E-01, 9.822E+00, 3.225E-02, 2.338E-04
1981-03-06, 1.174E-01, 2.569E+02, 1.078E-01, 1.015E+01, 3.327E-02, 5.081E-04
1981-03-07, 8.884E-02, 1.847E+02, 1.059E-01, 9.904E+00, 3.253E-02, 2.502E-04
1981-03-08, 1.345E-01, 3.259E+02, 1.050E-01, 9.829E+00, 3.270E-02, 2.271E-04
1981-03-09, 1.957E-01, 4.008E+02, 1.067E-01, 9.979E+00, 3.439E-02, 4.087E-04
1981-03-10, 1.996E-01, 3.925E+02, 1.083E-01, 9.925E+00, 3.500E-02, 5.147E-04
1981-03-11, 1.554E-01, 3.607E+02, 1.066E-01, 9.555E+00, 3.357E-02, 2.108E-04
1981-03-12, 1.568E-01, 3.641E+02, 1.050E-01, 9.373E+00, 3.299E-02, 1.735E-04
1981-03-13, 6.420E-02, 1.319E+02, 1.050E-01, 9.644E+00, 3.338E-02, 4.223E-04
1981-03-14, 1.131E-01, 2.361E+02, 1.032E-01, 9.376E+00, 3.231E-02, 1.189E-04
1981-03-15, 5.705E-02, 1.455E+02, 9.823E-02, 8.906E+00, 2.966E-02, 0.000E+00
1981-03-16, 3.637E-02, 1.357E+02, 9.391E-02, 8.668E+00, 2.814E-02, 0.000E+00
1981-03-17, 3.442E-02, 2.425E+02, 9.066E-02, 8.536E+00, 2.715E-02, 0.000E+00
1981-03-18, 3.378E-02, 1.366E+02, 8.766E-02, 8.401E+00, 2.617E-02, 0.000E+00
1981-03-19, 6.692E-02, 1.378E+02, 8.558E-02, 8.506E+00, 2.596E-02, 8.094E-05
1981-03-20, 2.337E-02, 1.391E+02, 8.000E-02, 8.019E+00, 2.337E-02, 0.000E+00
1981-03-21, 5.972E-02, 1.403E+02, 7.963E-02, 8.362E+00, 2.436E-02, 0.000E+00
1981-03-22, 1.133E-01, 1.779E+02, 7.972E-02, 8.656E+00, 2.507E-02, 0.000E+00
1981-03-23, 1.540E-01, 3.395E+02, 8.187E-02, 8.832E+00, 2.632E-02, 0.000E+00
1981-03-24, 1.731E-01, 4.459E+02, 7.753E-02, 8.322E+00, 2.389E-02, 0.000E+00
1981-03-25, 2.119E-01, 3.047E+02, 1.244E-01, 1.547E+01, 5.892E-02, 6.826E-03
1981-03-26, 3.033E-02, 1.464E+02, 1.066E-01, 9.731E+00, 3.285E-02, 4.092E-05
1981-03-27, 5.690E-02, 1.476E+02, 1.035E-01, 1.005E+01, 3.384E-02, 0.000E+00
1981-03-28, 2.712E-01, 4.967E+02, 1.076E-01, 1.121E+01, 3.823E-02, 9.147E-04
1981-03-29, 3.193E-01, 4.790E+02, 1.123E-01, 1.113E+01, 3.976E-02, 1.007E-03
1981-03-30, 1.666E-02, 1.529E+02, 9.289E-02, 9.091E+00, 2.817E-02, 5.835E-05
1981-03-31, 6.067E-02, 1.910E+02, 8.948E-02, 9.179E+00, 2.868E-02, 0.000E+00
1981-04-01, 2.469E-02, 1.535E+02, 9.386E-02, 1.034E+01, 3.260E-02, 8.999E-04
1981-04-02, 1.648E-02, 1.547E+02, 9.337E-02, 9.895E+00, 3.128E-02, 3.110E-04
1981-04-03, 2.712E-02, 2.284E+02, 9.153E-02, 9.720E+00, 3.063E-02, 1.753E-04
1981-04-04, 8.384E-02, 4.776E+02, 9.824E-02, 1.033E+01, 3.536E-02, 6.537E-04
1981-04-05, 1.218E-01, 5.311E+02, 1.072E-01, 1.052E+01, 3.905E-02, 1.054E-03
1981-04-06, 1.151E-01, 5.011E+02, 1.113E-01, 1.019E+01, 3.910E-02, 8.096E-04
1981-04-07, 7.227E-02, 4.081E+02, 1.089E-01, 9.715E+00, 3.647E-02, 3.829E-04
1981-04-08, 8.122E-02, 4.433E+02, 1.102E-01, 9.693E+00, 3.720E-02, 5.794E-04
1981-04-09, 1.000E-01, 4.463E+02, 1.138E-01, 9.765E+00, 3.865E-02, 9.303E-04
1981-04-10, 5.887E-02, 2.847E+02, 1.106E-01, 9.319E+00, 3.578E-02, 3.655E-04
1981-04-11, 4.819E-02, 2.408E+02, 1.088E-01, 9.145E+00, 3.492E-02, 3.580E-04
1981-04-12, 9.368E-02, 5.355E+02, 1.127E-01, 9.260E+00, 3.675E-02, 1.083E-03
1981-04-13, 1.399E-01, 5.764E+02, 1.195E-01, 9.350E+00, 3.886E-02, 1.918E-03
1981-04-14, 1.712E-01, 6.035E+02, 1.264E-01, 9.333E+00, 4.015E-02, 2.984E-03
1981-04-15, 1.537E-01, 5.836E+02, 1.286E-01, 9.059E+00, 3.902E-02, 3.052E-03
1981-04-16, 1.605E-01, 5.795E+02, 1.317E-01, 8.968E+00, 3.915E-02, 3.857E-03
1981-04-17, 1.777E-01, 5.973E+02, 1.345E-01, 8.818E+00, 3.898E-02, 4.647E-03
1981-04-18, 1.495E-01, 5.673E+02, 1.331E-01, 8.503E+00, 3.690E-02, 4.364E-03
1981-04-19, 7.225E-02, 3.001E+02, 1.390E-01, 9.057E+00, 3.937E-02, 7.345E-03
1981-04-20, 1.287E-01, 5.286E+02, 1.395E-01, 8.708E+00, 3.788E-02, 6.967E-03
1981-04-21, 1.413E-01, 5.500E+02, 1.413E-01, 8.745E+00, 3.804E-02, 8.358E-03
1981-04-22, 2.104E-01, 6.345E+02, 1.415E-01, 8.462E+00, 3.667E-02, 9.476E-03
1981-04-23, 2.268E-01, 6.438E+02, 1.380E-01, 8.050E+00, 3.409E-02, 9.197E-03
1981-04-24, 2.603E-01, 6.388E+02, 1.342E-01, 7.697E+00, 3.208E-02, 9.705E-03
1981-04-25, 2.073E-01, 5.998E+02, 1.262E-01, 7.254E+00, 2.873E-02, 7.968E-03
1981-04-26, 5.400E-02, 2.613E+02, 1.236E-01, 7.602E+00, 2.908E-02, 9.167E-03
1981-04-27, 1.363E-01, 5.950E+02, 1.222E-01, 7.387E+00, 2.860E-02, 9.482E-03
1981-04-28, 2.325E-01, 6.602E+02, 1.234E-01, 7.403E+00, 2.890E-02, 1.117E-02
1981-04-29, 2.868E-01, 7.033E+02, 1.169E-01, 6.883E+00, 2.570E-02, 8.924E-03
1981-04-30, 3.169E-01, 7.163E+02, 1.091E-01, 6.479E+00, 2.319E-02, 7.788E-03
1981-05-01, 1.706E-02, 1.839E+02, 9.744E-02, 6.137E+00, 2.006E-02, 4.194E-03
1981-05-02, 1.932E-02, 1.847E+02, 9.704E-02, 6.378E+00, 2.113E-02, 6.914E-03
1981-05-03, 1.130E-02, 1.855E+02, 9.417E-02, 6.392E+00, 2.051E-02, 5.485E-03
1981-05-04, 9.789E-03, 1.863E+02, 9.123E-02, 6.393E+00, 2.015E-02, 4.749E-03
1981-05-05, 1.014E-02, 1.871E+02, 8.882E-02, 6.413E+00, 1.993E-02, 4.301E-03
1981-05-06, 8.306E-03, 1.878E+02, 8.590E-02, 6.399E+00, 1.960E-02, 3.495E-03
1981-05-07, 9.593E-03, 1.886E+02, 8.338E-02, 6.416E+00, 1.938E-02, 3.036E-03
1981-05-08, 1.279E-02, 1.893E+02, 8.210E-02, 6.402E+00, 1.941E-02, 2.980E-03
1981-05-09, 1.571E-02, 1.900E+02, 8.146E-02, 6.413E+00, 1.946E-02, 2.970E-03
1981-05-10, 1.448E-02, 1.907E+02, 8.045E-02, 6.394E+00, 1.937E-02, 2.704E-03
1981-05-11, 1.486E-02, 1.914E+02, 7.950E-02, 6.404E+00, 1.930E-02, 2.530E-03
1981-05-12, 1.847E-02, 1.921E+02, 7.912E-02, 6.386E+00, 1.932E-02, 2.560E-03
1981-05-13, 1.625E-02, 1.927E+02, 7.812E-02, 6.392E+00, 1.911E-02, 2.372E-03
1981-05-14, 1.533E-02, 1.934E+02, 8.022E-02, 6.559E+00, 2.017E-02, 3.296E-03
1981-05-15, 1.213E-02, 1.940E+02, 8.186E-02, 6.684E+00, 2.072E-02, 3.284E-03
1981-05-16, 1.022E-02, 1.946E+02, 8.177E-02, 6.642E+00, 2.046E-02, 3.060E-03
1981-05-17, 1.090E-02, 1.952E+02, 7.949E-02, 6.601E+00, 1.995E-02, 2.022E-03
1981-05-18, 1.257E-02, 1.958E+02, 1.321E-01, 1.237E+01, 5.159E-02, 3.274E-02
1981-05-19, 1.064E-02, 1.963E+02, 1.366E-01, 9.640E+00, 3.973E-02, 1.222E-02
1981-05-20, 9.354E-03, 1.969E+02, 1.337E-01, 9.061E+00, 3.650E-02, 9.296E-03
1981-05-21, 1.267E-02, 1.974E+02, 1.286E-01, 8.749E+00, 3.428E-02, 7.525E-03
1981-05-22, 1.436E-02, 1.979E+02, 1.245E-01, 8.589E+00, 3.297E-02, 7.008E-03
1981-05-23, 1.773E-02, 1.984E+02, 1.209E-01, 8.437E+00, 3.180E-02, 6.526E-03
1981-05-24, 2.013E-02, 1.989E+02, 1.177E-01, 8.301E+00, 3.078E-02, 6.107E-03
1981-05-25, 1.950E-02, 1.994E+02, 1.199E-01, 8.619E+00, 3.229E-02, 8.038E-03
1981-05-26, 1.685E-02, 1.998E+02, 1.344E-01, 1.012E+01, 4.027E-02, 1.442E-02
1981-05-27, 1.688E-02, 2.002E+02, 1.303E-01, 8.980E+00, 3.490E-02, 7.667E-03
1981-05-28, 1.861E-02, 2.007E+02, 1.253E-01, 8.696E+00, 3.305E-02, 6.536E-03
1981-05-29, 2.136E-02, 2.011E+02, 1.216E-01, 8.562E+00, 3.204E-02, 6.153E-03
1981-05-30, 2.004E-02, 2.014E+02, 1.181E-01, 8.420E+00, 3.100E-02, 5.586E-03
1981-05-31, 1.974E-02, 2.018E+02, 1.142E-01, 8.253E+00, 2.984E-02, 4.933E-03
1981-06-01, 3.227E-01, 8.086E+02, 1.106E-01, 8.082E+00, 2.874E-02, 4.559E-03
1981-06-02, 3.769E-01, 8.099E+02, 9.466E-02, 7.209E+00, 2.266E-02, 2.245E-03
1981-06-03, 3.475E-01, 8.112E+02, 7.749E-02, 6.559E+00, 1.780E-02, 1.386E-03
1981-06-04, 4.140E-01, 8.123E+02, 6.624E-02, 6.243E+00, 1.531E-02, 1.129E-03
1981-06-05, 4.326E-01, 8.135E+02, 5.372E-02, 5.804E+00, 1.210E-02, 5.662E-04
1981-06-06, 3.970E-01, 8.145E+02, 4.349E-02, 5.518E+00, 9.848E-03, 1.858E-04
1981-06-07, 4.277E-01, 8.155E+02, 3.612E-02, 5.315E+00, 8.426E-03, 0.000E+00
1981-06-08, 4.100E-01, 8.164E+02, 2.959E-02, 5.162E+00, 6.961E-03, 0.000E+00
1981-06-09, 4.346E-01, 8.172E+02, 2.449E-02, 5.032E+00, 5.907E-03, 0.000E+00
1981-06-10, 3.444E-01, 8.180E+02, 1.993E-02, 4.937E+00, 4.928E-03, 0.000E+00
1981-06-11, 3.026E-01, 8.187E+02, 1.703E-02, 4.869E+00, 4.446E-03, 0.000E+00
1981-06-12, 3.207E-01, 8.189E+02, 1.494E-02, 4.842E+00, 4.080E-03, 0.000E+00
1981-06-13, 1.710E-01, 8.169E+02, 1.295E-02, 4.785E+00, 3.657E-03, 0.000E+00
1981-06-14, 2.133E-01, 8.200E+02, 1.224E-02, 4.805E+00, 3.719E-03, 0.000E+00
1981-06-15, 3.215E-01, 8.208E+02, 1.131E-02, 4.770E+00, 3.504E-03, 0.000E+00
1981-06-16, 3.518E-01, 8.212E+02, 9.817E-03, 4.741E+00, 3.066E-03, 0.000E+00
1981-06-17, 3.761E-01, 8.215E+02, 8.351E-03, 4.699E+00, 2.715E-03, 0.000E+00
1981-06-18, 4.127E-01, 8.217E+02, 6.968E-03, 4.686E+00, 2.390E-03, 0.000E+00
1981-06-19, 4.188E-01, 8.219E+02, 5.677E-03, 4.646E+00, 2.068E-03, 0.000E+00
1981-06-20, 4.493E-01, 8.219E+02, 4.615E-03, 4.638E+00, 1.813E-03, 0.000E+00
1981-06-21, 4.554E-01, 8.220E+02, 3.671E-03, 4.606E+00, 1.569E-03, 0.000E+00
1981-06-22, 4.432E-01, 8.219E+02, 2.906E-03, 4.604E+00, 1.373E-03, 0.000E+00
1981-06-23, 4.249E-01, 8.218E+02, 2.352E-03, 4.580E+00, 1.229E-03, 0.000E+00
1981-06-24, 4.430E-01, 8.216E+02, 1.959E-03, 4.585E+00, 1.124E-03, 0.000E+00
1981-06-25, 5.224E-01, 8.213E+02, 1.632E-03, 4.564E+00, 1.019E-03, 1.129E-07
1981-06-26, 5.222E-01, 8.210E+02, 1.321E-03, 4.565E+00, 8.809E-04, 0.000E+00
1981-06-27, 4.242E-01, 8.206E+02, 1.136E-03, 4.545E+00, 8.148E-04, 0.000E+00
1981-06-28, 4.544E-01, 8.201E+02, 1.033E-03, 4.555E+00, 7.910E-04, 0.000E+00
1981-06-29, 4.480E-01, 8.196E+02, 9.411E-04, 4.537E+00, 7.433E-04, 0.000E+00
1981-06-30, 4.295E-01, 8.190E+02, 8.712E-04, 4.545E+00, 7.136E-04, 0.000E+00
1981-07-01, 1.035E-01, 2.046E+02, 8.306E-04, 4.530E+00, 6.985E-04, 0.000E+00
1981-07-02, 1.169E-01, 2.044E+02, 9.368E-04, 4.558E+00, 8.865E-04, 0.000E+00
1981-07-03, 1.243E-01, 2.042E+02, 1.034E-03, 4.552E+00, 9.853E-04, 0.000E+00
1981-07-04, 1.257E-01, 2.040E+02, 1.124E-03, 4.570E+00, 1.074E-03, 0.000E+00
1981-07-05, 1.240E-01, 2.037E+02, 1.214E-03, 4.562E+00, 1.156E-03, 0.000E+00
1981-07-06, 1.014E-01, 2.035E+02, 1.302E-03, 4.579E+00, 1.232E-03, 0.000E+00
1981-07-07, 9.384E-02, 2.032E+02, 1.403E-03, 4.572E+00, 1.324E-03, 0.000E+00
1981-07-08, 9.074E-02, 2.029E+02, 1.509E-03, 4.589E+00, 1.410E-03, 0.000E+00
1981-07-09, 9.209E-02, 2.026E+02, 1.612E-03, 4.581E+00, 1.489E-03, 0.000E+00
1981-07-10, 1.112E-01, 2.023E+02, 1.712E-03, 4.596E+00, 1.560E-03, 0.000E+00
1981-07-11, 8.590E-02, 2.020E+02, 1.793E-03, 4.585E+00, 1.603E-03, 0.000E+00
1981-07-12, 9.016E-02, 2.016E+02, 1.893E-03, 4.602E+00, 1.685E-03, 0.000E+00
1981-07-13, 9.000E-02, 2.012E+02, 1.986E-03, 4.593E+00, 1.745E-03, 0.000E+00
1981-07-14, 1.045E-01, 2.009E+02, 2.077E-03, 4.607E+00, 1.804E-03, 0.000E+00
1981-07-15, 1.087E-01, 2.005E+02, 2.151E-03, 4.596E+00, 1.839E-03, 0.000E+00
1981-07-16, 1.041E-01, 2.000E+02, 2.219E-03, 4.608E+00, 1.874E-03, 0.000E+00
1981-07-17, 9.219E-02, 1.996E+02, 2.288E-03, 4.598E+00, 1.916E-03, 0.000E+00
1981-07-18, 9.344E-02, 1.992E+02, 2.365E-03, 4.612E+00, 1.971E-03, 0.000E+00
1981-07-19, 9.758E-02, 1.987E+02, 2.437E-03, 4.602E+00, 2.015E-03, 0.000E+00
1981-07-20, 9.880E-02, 1.982E+02, 2.503E-03, 4.614E+00, 2.050E-03, 0.000E+00
1981-07-21, 9.711E-02, 1.977E+02, 2.566E-03, 4.603E+00, 2.084E-03, 0.000E+00
1981-07-22, 9.830E-02, 1.972E+02, 2.630E-03, 4.616E+00, 2.119E-03, 0.000E+00
1981-07-23, 1.009E-01, 1.967E+02, 2.693E-03, 4.604E+00, 2.150E-03, 0.000E+00
1981-07-24, 1.035E-01, 1.961E+02, 2.753E-03, 4.616E+00, 2.175E-03, 0.000E+00
1981-07-25, 1.004E-01, 1.956E+02, 2.811E-03, 4.604E+00, 2.196E-03, 0.000E+00
1981-07-26, 1.087E-01, 1.950E+02, 2.874E-03, 4.616E+00, 2.223E-03, 0.000E+00
1981-07-27, 1.155E-01, 1.944E+02, 2.927E-03, 4.604E+00, 2.232E-03, 0.000E+00
1981-07-28, 1.052E-01, 1.938E+02, 2.971E-03, 4.614E+00, 2.234E-03, 0.000E+00
1981-07-29, 8.925E-02, 1.932E+02, 3.028E-03, 4.602E+00, 2.260E-03, 0.000E+00
1981-07-30, 8.896E-02, 1.926E+02, 3.107E-03, 4.616E+00, 2.305E-03, 0.000E+00
1981-07-31, 8.726E-02, 1.919E+02, 3.186E-03, 4.605E+00, 2.339E-03, 0.000E+00
1981-08-01, 7.988E-01, 6.372E+02, 3.269E-03, 4.618E+00, 2.374E-03, 0.000E+00
1981-08-02, 7.993E-01, 6.376E+02, 2.369E-03, 4.532E+00, 1.440E-03, 0.000E+00
1981-08-03, 7.641E-01, 6.299E+02, 1.698E-03, 4.508E+00, 1.021E-03, 0.000E+00
1981-08-04, 8.646E-01, 6.378E+02, 1.256E-03, 4.475E+00, 7.635E-04, 0.000E+00
1981-08-05, 9.454E-01, 6.486E+02, 8.945E-04, 4.467E+00, 5.299E-04, 0.000E+00
1981-08-06, 1.096E+00, 6.513E+02, 6.184E-04, 4.442E+00, 3.578E-04, 0.000E+00
1981-08-07, 1.148E+00, 6.505E+02, 4.010E-04, 4.441E+00, 2.198E-04, 0.000E+00
1981-08-08, 1.207E+00, 6.535E+02, 2.770E-04, 4.420E+00, 1.261E-04, 0.000E+00
1981-08-09, 1.222E+00, 6.471E+02, 1.964E-04, 4.423E+00, 6.621E-05, 0.000E+00
1981-08-10, 1.161E+00, 6.356E+02, 1.439E-04, 4.404E+00, 3.725E-05, 0.000E+00
1981-08-11, 1.104E+00, 6.329E+02, 1.139E-04, 4.411E+00, 2.461E-05, 0.000E+00
1981-08-12, 1.089E+00, 6.317E+02, 9.161E-05, 4.396E+00, 1.696E-05, 0.000E+00
1981-08-13, 1.019E+00, 6.207E+02, 7.279E-05, 4.404E+00, 1.162E-05, 0.000E+00
1981-08-14, 1.008E+00, 6.139E+02, 6.106E-05, 4.390E+00, 8.834E-06, 0.000E+00
1981-08-15, 9.719E-01, 6.149E+02, 5.139E-05, 4.399E+00, 6.821E-06, 0.000E+00
1981-08-16, 1.000E+00, 6.169E+02, 4.548E-05, 4.386E+00, 5.656E-06, 0.000E+00
1981-08-17, 1.066E+00, 6.108E+02, 4.306E-05, 4.403E+00, 3.649E-05, 5.090E-05
1981-08-18, 9.797E-01, 6.042E+02, 3.832E-05, 4.384E+00, 2.296E-05, 0.000E+00
1981-08-19, 9.204E-01, 5.899E+02, 3.825E-05, 4.393E+00, 2.173E-05, 0.000E+00
1981-08-20, 7.853E-01, 5.792E+02, 3.833E-05, 4.380E+00, 2.059E-05, 0.000E+00
1981-08-21, 7.861E-01, 5.886E+02, 4.077E-05, 4.389E+00, 1.960E-05, 0.000E+00
1981-08-22, 8.922E-01, 5.953E+02, 4.374E-05, 4.376E+00, 1.917E-05, 0.000E+00
1981-08-23, 9.240E-01, 5.845E+02, 4.356E-05, 4.385E+00, 1.794E-05, 0.000E+00
1981-08-24, 9.394E-01, 5.720E+02, 4.254E-05, 4.372E+00, 1.690E-05, 0.000E+00
1981-08-25, 1.052E+00, 5.759E+02, 4.123E-05, 4.381E+00, 1.586E-05, 0.000E+00
1981-08-26, 9.981E-01, 5.787E+02, 3.822E-05, 4.369E+00, 1.491E-05, 0.000E+00
1981-08-27, 9.700E-01, 5.833E+02, 3.679E-05, 4.377E+00, 1.412E-05, 0.000E+00
1981-08-28, 9.806E-01, 5.754E+02, 3.591E-05, 4.365E+00, 1.339E-05, 0.000E+00
1981-08-29, 9.106E-01, 5.686E+02, 3.499E-05, 4.374E+00, 1.269E-05, 0.000E+00
1981-08-30, 1.068E+00, 5.592E+02, 3.533E-05, 4.361E+00, 1.204E-05, 0.000E+00
1981-08-31, 9.002E-01, 5.694E+02, 3.310E-05, 4.370E+00, 1.141E-05, 0.000E+00
1981-09-01, 7.916E-02, 6.577E+02, 3.372E-05, 4.357E+00, 1.082E-05, 0.000E+00
1981-09-02, 7.533E-02, 6.535E+02, 4.929E-05, 4.367E+00, 1.146E-05, 0.000E+00
1981-09-03, 7.374E-02, 6.492E+02, 8.452E-05, 4.361E+00, 3.762E-05, 0.000E+00
1981-09-04, 7.107E-02, 6.450E+02, 1.285E-04, 4.379E+00, 7.346E-05, 0.000E+00
1981-09-05, 6.951E-02, 6.407E+02, 1.758E-04, 4.377E+00, 1.181E-04, 0.000E+00
1981-09-06, 6.904E-02, 6.364E+02, 2.254E-04, 4.398E+00, 1.668E-04, 0.000E+00
1981-09-07, 7.072E-02, 6.320E+02, 2.730E-04, 4.397E+00, 2.161E-04, 0.000E+00
1981-09-08, 7.023E-02, 6.276E+02, 3.233E-04, 4.417E+00, 2.696E-04, 0.000E+00
1981-09-09, 7.822E-02, 6.232E+02, 3.847E-04, 4.415E+00, 3.469E-04, 0.000E+00
1981-09-10, 7.239E-02, 6.187E+02, 4.472E-04, 4.433E+00, 4.307E-04, 0.000E+00
1981-09-11, 8.024E-02, 6.143E+02, 5.152E-04, 4.430E+00, 5.302E-04, 0.000E+00
1981-09-12, 7.862E-02, 6.097E+02, 5.886E-04, 4.446E+00, 6.284E-04, 1.427E-08
1981-09-13, 7.907E-02, 6.052E+02, 6.636E-04, 4.440E+00, 7.319E-04, 7.234E-09
1981-09-14, 7.540E-02, 6.006E+02, 7.350E-04, 4.454E+00, 8.251E-04, 0.000E+00
1981-09-15, 7.584E-02, 5.960E+02, 8.162E-04, 4.450E+00, 9.392E-04, 0.000E+00
1981-09-16, 7.727E-02, 5.914E+02, 8.837E-04, 4.462E+00, 1.011E-03, 0.000E+00
1981-09-17, 7.366E-02, 5.868E+02, 9.635E-04, 4.460E+00, 1.121E-03, 2.840E-05
1981-09-18, 7.011E-02, 5.821E+02, 1.034E-03, 4.469E+00, 1.168E-03, 0.000E+00
1981-09-19, 7.940E-02, 5.774E+02, 1.129E-03, 4.466E+00, 1.274E-03, 0.000E+00
1981-09-20, 7.288E-02, 5.727E+02, 1.200E-03, 4.476E+00, 1.302E-03, 0.000E+00
1981-09-21, 5.205E-02, 5.680E+02, 1.276E-03, 4.468E+00, 1.356E-03, 0.000E+00
1981-09-22, 4.972E-02, 5.633E+02, 1.360E-03, 4.483E+00, 1.428E-03, 0.000E+00
1981-09-23, 4.366E-02, 5.585E+02, 1.440E-03, 4.476E+00, 1.489E-03, 0.000E+00
1981-09-24, 4.981E-02, 5.537E+02, 1.527E-03, 4.492E+00, 1.553E-03, 0.000E+00
1981-09-25, 4.661E-02, 5.490E+02, 2.020E-03, 4.678E+00, 2.813E-03, 7.911E-04
1981-09-26, 5.355E-02, 5.442E+02, 2.105E-03, 4.554E+00, 2.259E-03, 0.000E+00
1981-09-27, 5.035E-02, 5.394E+02, 2.237E-03, 4.545E+00, 2.312E-03, 0.000E+00
1981-09-28, 4.449E-02, 5.345E+02, 2.326E-03, 4.551E+00, 2.277E-03, 0.000E+00
1981-09-29, 4.142E-02, 5.297E+02, 2.435E-03, 4.539E+00, 2.287E-03, 0.000E+00
1981-09-30, 3.840E-02, 5.249E+02, 2.563E-03, 4.549E+00, 2.311E-03, 0.000E+00
1981-10-01, 1.119E-02, 1.300E+02, 2.702E-03, 4.539E+00, 2.349E-03, 0.000E+00
1981-10-02, 1.086E-02, 1.288E+02, 2.881E-03, 4.554E+00, 2.439E-03, 0.000E+00
1981-10-03, 1.055E-02, 1.276E+02, 3.114E-03, 4.557E+00, 2.595E-03, 4.585E-05
1981-10-04, 7.273E-03, 1.264E+02, 3.310E-03, 4.564E+00, 2.646E-03, 2.023E-07
1981-10-05, 8.669E-03, 1.252E+02, 3.520E-03, 4.558E+00, 2.737E-03, 0.000E+00
1981-10-06, 9.625E-03, 1.240E+02, 3.750E-03, 4.575E+00, 2.844E-03, 0.000E+00
1981-10-07, 8.502E-03, 1.227E+02, 4.927E-03, 4.685E+00, 4.741E-03, 1.401E-04
1981-10-08, 5.782E-03, 1.215E+02, 5.447E-03, 4.712E+00, 4.427E-03, 0.000E+00
1981-10-09, 6.727E-03, 1.203E+02, 6.177E-03, 4.767E+00, 4.985E-03, 0.000E+00
1981-10-10, 8.253E-03, 1.191E+02, 8.161E-03, 5.001E+00, 7.135E-03, 5.606E-05
1981-10-11, 4.828E-03, 1.179E+02, 8.642E-03, 4.944E+00, 6.329E-03, 3.550E-06
1981-10-12, 2.269E-03, 1.167E+02, 8.919E-03, 4.948E+00, 6.152E-03, 0.000E+00
1981-10-13, 1.675E-03, 1.155E+02, 9.169E-03, 4.925E+00, 6.074E-03, 0.000E+00
1981-10-14, 4.493E-03, 1.143E+02, 9.649E-03, 4.985E+00, 6.369E-03, 0.000E+00
1981-10-15, 3.135E-03, 1.131E+02, 1.015E-02, 4.992E+00, 6.536E-03, 0.000E+00
1981-10-16, 4.958E-03, 1.119E+02, 1.104E-02, 5.059E+00, 7.301E-03, 0.000E+00
1981-10-17, 7.865E-03, 1.108E+02, 1.231E-02, 5.109E+00, 8.330E-03, 0.000E+00
1981-10-18, 8.150E-03, 1.096E+02, 1.292E-02, 5.124E+00, 8.299E-03, 0.000E+00
1981-10-19, 8.427E-03, 1.084E+02, 1.330E-02, 5.104E+00, 8.223E-03, 0.000E+00
1981-10-20, 8.338E-03, 1.073E+02, 1.353E-02, 5.116E+00, 8.049E-03, 0.000E+00
1981-10-21, 7.536E-03, 1.061E+02, 1.375E-02, 5.107E+00, 7.979E-03, 0.000E+00
1981-10-22, 7.280E-03, 1.050E+02, 1.396E-02, 5.125E+00, 7.939E-03, 0.000E+00
1981-10-23, 6.854E-03, 1.038E+02, 1.419E-02, 5.121E+00, 7.954E-03, 0.000E+00
1981-10-24, 6.779E-03, 1.027E+02, 1.441E-02, 5.156E+00, 7.965E-03, 0.000E+00
1981-10-25, 8.410E-03, 1.016E+02, 1.463E-02, 5.168E+00, 8.013E-03, 0.000E+00
1981-10-26, 8.149E-03, 1.005E+02, 1.483E-02, 5.209E+00, 8.034E-03, 0.000E+00
1981-10-27, 7.060E-03, 9.935E+01, 1.615E-02, 5.400E+00, 9.382E-03, 3.452E-04
1981-10-28, 4.686E-03, 9.825E+01, 1.642E-02, 5.398E+00, 9.045E-03, 3.932E-05
1981-10-29, 2.701E-03, 9.717E+01, 1.654E-02, 5.359E+00, 8.909E-03, 0.000E+00
1981-10-30, 7.710E-04, 9.609E+01, 1.666E-02, 5.381E+00, 8.876E-03, 0.000E+00
1981-10-31, 2.642E-03, 9.503E+01, 1.694E-02, 5.425E+00, 9.066E-03, 0.000E+00
1981-11-01, 3.652E-03, 9.398E+01, 1.778E-02, 5.606E+00, 9.968E-03, 0.000E+00
1981-11-02, 4.848E-03, 9.294E+01, 1.954E-02, 5.883E+00, 1.189E-02, 0.000E+00
1981-11-03, 5.102E-03, 9.191E+01, 2.137E-02, 6.123E+00, 1.342E-02, 0.000E+00
1981-11-04, 4.592E-03, 9.090E+01, 2.270E-02, 6.251E+00, 1.413E-02, 0.000E+00
1981-11-05, 4.841E-03, 8.990E+01, 2.414E-02, 6.439E+00, 1.521E-02, 0.000E+00
1981-11-06, 5.680E-03, 8.892E+01, 2.623E-02, 6.756E+00, 1.715E-02, 0.000E+00
1981-11-07, 4.152E-03, 8.794E+01, 2.723E-02, 6.588E+00, 1.699E-02, 0.000E+00
1981-11-08, 4.252E-03, 8.699E+01, 2.833E-02, 6.826E+00, 1.757E-02, 0.000E+00
1981-11-09, 4.493E-03, 8.604E+01, 2.960E-02, 7.024E+00, 1.825E-02, 0.000E+00
1981-11-10, 4.445E-03, 8.512E+01, 3.071E-02, 7.120E+00, 1.853E-02, 0.000E+00
1981-11-11, 4.398E-03, 8.421E+01, 3.192E-02, 7.203E+00, 1.891E-02, 0.000E+00
1981-11-12, 4.769E-03, 8.331E+01, 3.352E-02, 7.305E+00, 1.950E-02, 0.000E+00
1981-11-13, 4.582E-03, 8.244E+01, 6.753E-02, 1.200E+01, 4.554E-02, 1.211E-04
1981-11-14, 3.991E-03, 8.158E+01, 1.344E-01, 7.530E+01, 9.391E-02, 2.268E-01
1981-11-15, 4.488E-03, 8.073E+01, 1.672E-01, 2.427E+01, 8.976E-02, 1.457E-02
1981-11-16, 6.047E-03, 7.991E+01, 1.772E-01, 2.185E+01, 8.234E-02, 1.138E-02
1981-11-17, 4.399E-03, 7.910E+01, 2.452E-01, 4.396E+01, 1.484E-01, 6.163E-02
1981-11-18, 2.349E-04, 7.831E+01, 2.278E-01, 2.391E+01, 9.416E-02, 1.356E-02
1981-11-19, 1.996E-03, 7.754E+01, 2.128E-01, 2.140E+01, 8.307E-02, 1.151E-02
1981-11-20, 3.760E-03, 7.679E+01, 2.050E-01, 2.136E+01, 8.008E-02, 1.333E-02
1981-11-21, 3.725E-03, 7.606E+01, 2.247E-01, 3.717E+01, 1.139E-01, 4.591E-02
1981-11-22, 3.942E-03, 7.535E+01, 2.482E-01, 4.270E+01, 1.329E-01, 5.996E-02
1981-11-23, 4.279E-03, 7.466E+01, 3.171E-01, 1.412E+02, 2.389E-01, 4.880E-01
1981-11-24, 3.256E-03, 7.399E+01, 3.146E-01, 5.813E+01, 1.859E-01, 8.803E-02
1981-11-25, 1.142E-05, 7.334E+01, 2.869E-01, 3.636E+01, 1.345E-01, 3.647E-02
1981-11-26, 4.379E-04, 7.271E+01, 2.635E-01, 3.077E+01, 1.145E-01, 2.831E-02
1981-11-27, 2.198E-04, 7.211E+01, 2.434E-01, 2.663E+01, 9.959E-02, 2.214E-02
1981-11-28, 3.199E-04, 7.152E+01, 2.259E-01, 2.344E+01, 8.819E-02, 1.763E-02
1981-11-29, 0.000E+00, 7.096E+01, 2.106E-01, 2.112E+01, 7.907E-02, 1.414E-02
1981-11-30, 1.103E-05, 7.042E+01, 1.970E-01, 1.923E+01, 7.163E-02, 1.139E-02
1981-12-01, 5.560E-02, 2.441E+02, 1.849E-01, 1.768E+01, 6.555E-02, 9.175E-03
1981-12-02, 7.021E-02, 2.444E+02, 1.745E-01, 1.657E+01, 6.101E-02, 7.473E-03
1981-12-03, 4.573E-02, 2.427E+02, 1.661E-01, 1.599E+01, 5.794E-02, 6.596E-03
1981-12-04, 1.132E-01, 2.429E+02, 1.611E-01, 1.617E+01, 5.669E-02, 7.044E-03
1981-12-05, 1.411E-01, 2.408E+02, 1.590E-01, 1.671E+01, 5.712E-02, 8.093E-03
1981-12-06, 1.790E-01, 2.399E+02, 1.630E-01, 1.821E+01, 6.231E-02, 1.092E-02
1981-12-07, 2.023E-01, 2.390E+02, 1.732E-01, 2.016E+01, 7.012E-02, 1.412E-02
1981-12-08, 1.354E-01, 2.392E+02, 1.742E-01, 1.872E+01, 6.708E-02, 1.101E-02
1981-12-09, 1.478E-01, 2.361E+02, 1.832E-01, 2.064E+01, 7.326E-02, 1.597E-02
1981-12-10, 1.356E-01, 2.313E+02, 1.986E-01, 2.560E+01, 8.551E-02, 2.572E-02
1981-12-11, 5.230E-02, 2.290E+02, 1.860E-01, 1.842E+01, 6.799E-02, 9.165E-03
1981-12-12, 5.586E-02, 2.251E+02, 1.752E-01, 1.708E+01, 6.263E-02, 7.377E-03
1981-12-13, 1.012E-01, 2.267E+02, 1.681E-01, 1.705E+01, 6.065E-02, 7.451E-03
1981-12-14, 1.343E-01, 2.291E+02, 1.681E-01, 1.810E+01, 6.210E-02, 1.086E-02
1981-12-15, 1.287E-01, 2.272E+02, 1.788E-01, 2.187E+01, 7.282E-02, 1.801E-02
1981-12-16, 6.007E-02, 2.241E+02, 1.674E-01, 1.638E+01, 5.915E-02, 6.451E-03
1981-12-17, 9.346E-02, 2.297E+02, 1.594E-01, 1.572E+01, 5.617E-02, 5.830E-03
1981-12-18, 1.233E-01, 2.257E+02, 1.610E-01, 1.750E+01, 5.999E-02, 1.010E-02
1981-12-19, 1.601E-01, 2.267E+02, 2.760E-01, 2.210E+02, 1.990E-01, 1.392E+00
1981-12-20, 1.320E-01, 2.251E+02, 3.322E-01, 1.345E+02, 2.712E-01, 3.717E-01
1981-12-21, 6.759E-02, 2.196E+02, 3.015E-01, 3.940E+01, 1.444E-01, 4.058E-02
1981-12-22, 0.000E+00, 2.174E+02, 2.773E-01, 3.425E+01, 1.242E-01, 3.419E-02
1981-12-23, 4.346E-05, 2.166E+02, 2.565E-01, 2.977E+01, 1.082E-01, 2.760E-02
1981-12-24, 3.319E-02, 2.220E+02, 2.386E-01, 2.655E+01, 9.641E-02, 2.260E-02
1981-12-25, 7.279E-02, 2.222E+02, 2.243E-01, 2.473E+01, 8.832E-02, 2.014E-02
1981-12-26, 9.055E-02, 2.225E+02, 2.123E-01, 2.312E+01, 8.150E-02, 1.785E-02
1981-12-27, 7.702E-02, 2.217E+02, 2.007E-01, 2.105E+01, 7.465E-02, 1.447E-02
1981-12-28, 4.219E-02, 2.233E+02, 1.887E-01, 1.890E+01, 6.785E-02, 1.098E-02
1981-12-29, 8.597E-02, 2.221E+02, 1.780E-01, 1.757E+01, 6.292E-02, 9.006E-03
1981-12-30, 1.185E-01, 2.250E+02, 1.726E-01, 1.860E+01, 6.395E-02, 1.000E-02
1981-12-31, 6.413E-02, 2.228E+02, 1.636E-01, 1.647E+01, 5.794E-02, 6.651E-03
1982-01-01, 1.579E-04, 1.944E+02, 1.554E-01, 1.549E+01, 5.434E-02, 5.317E-03
1982-01-02, 0.000E+00, 1.643E+02, 1.480E-01, 1.467E+01, 5.121E-02, 4.264E-03
1982-01-03, 0.000E+00, 1.650E+02, 1.411E-01, 1.396E+01, 4.843E-02, 3.366E-03
1982-01-04, 8.850E-04, 1.969E+02, 1.348E-01, 1.336E+01, 4.591E-02, 2.719E-03
1982-01-05, 5.333E-03, 2.071E+02, 1.291E-01, 1.283E+01, 4.366E-02, 2.183E-03
1982-01-06, 0.000E+00, 1.937E+02, 1.237E-01, 1.237E+01, 4.160E-02, 1.767E-03
1982-01-07, 0.000E+00, 1.372E+02, 1.188E-01, 1.196E+01, 3.970E-02, 1.466E-03
1982-01-08, 0.000E+00, 1.900E+02, 1.142E-01, 1.158E+01, 3.796E-02, 1.191E-03
1982-01-09, 0.000E+00, 2.075E+02, 1.100E-01, 1.124E+01, 3.639E-02, 9.352E-04
1982-01-10, 0.000E+00, 2.171E+02, 1.060E-01, 1.094E+01, 3.498E-02, 6.888E-04
1982-01-11, 1.759E-04, 2.219E+02, 1.023E-01, 1.067E+01, 3.369E-02, 4.819E-04
1982-01-12, 0.000E+00, 2.013E+02, 9.886E-02, 1.043E+01, 3.253E-02, 3.252E-04
1982-01-13, 0.000E+00, 2.180E+02, 9.563E-02, 1.021E+01, 3.145E-02, 2.039E-04
1982-01-14, 0.000E+00, 2.253E+02, 9.261E-02, 1.001E+01, 3.045E-02, 8.665E-05
1982-01-15, 0.000E+00, 2.287E+02, 8.977E-02, 9.835E+00, 2.951E-02, 1.949E-05
1982-01-16, 6.994E-03, 2.414E+02, 8.709E-02, 9.670E+00, 2.858E-02, 0.000E+00
1982-01-17, 1.394E-03, 2.355E+02, 8.460E-02, 9.523E+00, 2.775E-02, 0.000E+00
1982-01-18, 4.333E-03, 2.271E+02, 8.224E-02, 9.386E+00, 2.695E-02, 0.000E+00
1982-01-19, 4.761E-06, 1.989E+02, 8.001E-02, 9.259E+00, 2.621E-02, 0.000E+00
1982-01-20, 0.000E+00, 2.007E+02, 7.791E-02, 9.138E+00, 2.551E-02, 0.000E+00
1982-01-21, 0.000E+00, 1.979E+02, 7.592E-02, 9.022E+00, 2.485E-02, 0.000E+00
1982-01-22, 0.000E+00, 2.125E+02, 7.404E-02, 8.914E+00, 2.424E-02, 0.000E+00
1982-01-23, 4.734E-03, 2.489E+02, 7.227E-02, 8.813E+00, 2.367E-02, 0.000E+00
1982-01-24, 3.195E-03, 2.572E+02, 7.059E-02, 8.719E+00, 2.313E-02, 0.000E+00
1982-01-25, 8.158E-03, 2.670E+02, 6.900E-02, 8.633E+00, 2.263E-02, 0.000E+00
1982-01-26, 1.030E-02, 2.651E+02, 7.061E-02, 9.169E+00, 2.455E-02, 0.000E+00
1982-01-27, 1.931E-04, 2.500E+02, 6.899E-02, 8.821E+00, 2.302E-02, 0.000E+00
1982-01-28, 4.711E-03, 2.478E+02, 6.745E-02, 8.718E+00, 2.249E-02, 0.000E+00
1982-01-29, 0.000E+00, 2.447E+02, 6.599E-02, 8.626E+00, 2.202E-02, 0.000E+00
1982-01-30, 0.000E+00, 2.556E+02, 6.461E-02, 8.540E+00, 2.157E-02, 0.000E+00
1982-01-31, 0.000E+00, 2.720E+02, 6.330E-02, 8.460E+00, 2.115E-02, 0.000E+00
1982-02-01, 3.180E-05, 2.123E+02, 6.206E-02, 8.385E+00, 2.076E-02, 0.000E+00
1982-02-02, 3.300E-02, 2.359E+02, 6.088E-02, 8.314E+00, 2.040E-02, 0.000E+00
1982-02-03, 1.830E-02, 2.263E+02, 5.975E-02, 8.249E+00, 2.006E-02, 0.000E+00
1982-02-04, 9.631E-03, 2.144E+02, 5.869E-02, 8.188E+00, 1.974E-02, 0.000E+00
1982-02-05, 0.000E+00, 1.021E+02, 5.767E-02, 8.131E+00, 1.944E-02, 0.000E+00
1982-02-06, 0.000E+00, 2.293E+02, 5.671E-02, 8.078E+00, 1.916E-02, 0.000E+00
1982-02-07, 0.000E+00, 2.318E+02, 5.578E-02, 8.028E+00, 1.889E-02, 0.000E+00
1982-02-08, 5.491E-02, 2.126E+02, 5.490E-02, 7.981E+00, 1.865E-02, 0.000E+00
1982-02-09, 1.146E-02, 1.840E+02, 5.406E-02, 7.936E+00, 1.841E-02, 0.000E+00
1982-02-10, 7.399E-04, 2.174E+02, 5.326E-02, 7.894E+00, 1.819E-02, 0.000E+00
1982-02-11, 0.000E+00, 2.610E+02, 5.249E-02, 7.855E+00, 1.798E-02, 0.000E+00
1982-02-12, 3.813E-02, 2.743E+02, 5.176E-02, 7.818E+00, 1.778E-02, 0.000E+00
